{
  "name": "TPackagingMaterial",
  "base": "PersistedModel",
  "idInjection": false,
  "options": {
    "validateUpsert": true
  },
  "mysql": {
    "schema": "arbulk",
    "table": "t_packaging_material"
  },
  "properties": {
    "id": {
      "type": "Number",
      "id": true,
      "required": true,
      "length": null,
      "precision": 10,
      "scale": 0,
      "mysql": {
        "columnName": "id",
        "dataType": "int",
        "dataLength": null,
        "dataPrecision": 10,
        "dataScale": 0,
        "nullable": "N"
      },
      "_selectable": false
    },
    "packagingTypeId": {
      "type": "Number",
      "required": false,
      "length": null,
      "precision": 10,
      "scale": 0,
      "mysql": {
        "columnName": "packaging_type_id",
        "dataType": "int",
        "dataLength": null,
        "dataPrecision": 10,
        "dataScale": 0,
        "nullable": "Y"
      },
      "_selectable": true
    },
    "locationId": {
      "type": "Number",
      "required": false,
      "length": null,
      "precision": 10,
      "scale": 0,
      "mysql": {
        "columnName": "location_id",
        "dataType": "int",
        "dataLength": null,
        "dataPrecision": 10,
        "dataScale": 0,
        "nullable": "Y"
      },
      "_selectable": true
    },
    "companyMaterial": {
      "type": "Number",
      "required": false,
      "length": null,
      "precision": 3,
      "scale": 0,
      "mysql": {
        "columnName": "company_material",
        "dataType": "tinyint",
        "dataLength": null,
        "dataPrecision": 3,
        "dataScale": 0,
        "nullable": "Y"
      },
      "_selectable": true
    },
    "customerId": {
      "type": "Number",
      "required": false,
      "length": null,
      "precision": 10,
      "scale": 0,
      "mysql": {
        "columnName": "customer_id",
        "dataType": "int",
        "dataLength": null,
        "dataPrecision": 10,
        "dataScale": 0,
        "nullable": "Y"
      },
      "_selectable": true
    },
    "packagingName": {
      "type": "String",
      "required": false,
      "length": 100,
      "precision": null,
      "scale": null,
      "mysql": {
        "columnName": "packaging_name",
        "dataType": "varchar",
        "dataLength": 100,
        "dataPrecision": null,
        "dataScale": null,
        "nullable": "Y"
      },
      "_selectable": true
    },
    "emptyWeight": {
      "type": "Number",
      "required": false,
      "length": null,
      "precision": 12,
      "scale": null,
      "mysql": {
        "columnName": "empty_weight",
        "dataType": "float",
        "dataLength": null,
        "dataPrecision": 12,
        "dataScale": null,
        "nullable": "Y"
      },
      "_selectable": true
    },
    "avarageMaterialWeight": {
      "type": "Number",
      "required": false,
      "length": null,
      "precision": 12,
      "scale": null,
      "mysql": {
        "columnName": "avarage_material_weight",
        "dataType": "float",
        "dataLength": null,
        "dataPrecision": 12,
        "dataScale": null,
        "nullable": "Y"
      },
      "_selectable": true
    },
    "reorderThreshold": {
      "type": "String",
      "required": false,
      "length": 30,
      "precision": null,
      "scale": null,
      "mysql": {
        "columnName": "reorder_threshold",
        "dataType": "varchar",
        "dataLength": 30,
        "dataPrecision": null,
        "dataScale": null,
        "nullable": "Y"
      },
      "_selectable": true
    },
    "quantity": {
      "type": "Number",
      "required": false,
      "length": null,
      "precision": 10,
      "scale": 0,
      "mysql": {
        "columnName": "quantity",
        "dataType": "int",
        "dataLength": null,
        "dataPrecision": 10,
        "dataScale": 0,
        "nullable": "Y"
      },
      "_selectable": true
    },
    "fullWrapLength": {
      "type": "Number",
      "required": false,
      "length": null,
      "precision": 12,
      "scale": null,
      "mysql": {
        "columnName": "full_wrap_length",
        "dataType": "float",
        "dataLength": null,
        "dataPrecision": 12,
        "dataScale": null,
        "nullable": "Y"
      },
      "_selectable": true
    },
    "halfWrapLength": {
      "type": "Number",
      "required": false,
      "length": null,
      "precision": 12,
      "scale": null,
      "mysql": {
        "columnName": "half_wrap_length",
        "dataType": "float",
        "dataLength": null,
        "dataPrecision": 12,
        "dataScale": null,
        "nullable": "Y"
      },
      "_selectable": true
    },
    "notes": {
      "type": "String",
      "required": false,
      "length": 1000,
      "precision": null,
      "scale": null,
      "mysql": {
        "columnName": "notes",
        "dataType": "varchar",
        "dataLength": 1000,
        "dataPrecision": null,
        "dataScale": null,
        "nullable": "Y"
      },
      "_selectable": true
    },
    "createdOn": {
      "type": "Date",
      "required": false,
      "length": null,
      "precision": null,
      "scale": null,
      "mysql": {
        "columnName": "created_on",
        "dataType": "timestamp",
        "dataLength": null,
        "dataPrecision": null,
        "dataScale": null,
        "nullable": "Y"
      },
      "_selectable": true
    },
    "createdBy": {
      "type": "Number",
      "required": false,
      "length": null,
      "precision": 10,
      "scale": 0,
      "mysql": {
        "columnName": "created_by",
        "dataType": "int",
        "dataLength": null,
        "dataPrecision": 10,
        "dataScale": 0,
        "nullable": "Y"
      },
      "_selectable": true
    },
    "modifiedOn": {
      "type": "Date",
      "required": false,
      "length": null,
      "precision": null,
      "scale": null,
      "mysql": {
        "columnName": "modified_on",
        "dataType": "timestamp",
        "dataLength": null,
        "dataPrecision": null,
        "dataScale": null,
        "nullable": "Y"
      },
      "_selectable": true
    },
    "modifiedBy": {
      "type": "Number",
      "required": false,
      "length": null,
      "precision": 10,
      "scale": 0,
      "mysql": {
        "columnName": "modified_by",
        "dataType": "int",
        "dataLength": null,
        "dataPrecision": 10,
        "dataScale": 0,
        "nullable": "Y"
      },
      "_selectable": true
    },
    "active": {
      "type": "Number",
      "required": false,
      "length": null,
      "precision": 3,
      "scale": 0,
      "mysql": {
        "columnName": "active",
        "dataType": "tinyint",
        "dataLength": null,
        "dataPrecision": 3,
        "dataScale": 0,
        "nullable": "Y"
      },
      "_selectable": true
    }
  },
  "validations": [],
  "relations": {},
  "acls": [],
  "methods": {}
}
